Symbol,BuyTime,SellTime,BuyPriceForUnitBTC,SellPriceForUnitBTC,SellReason,ProfitFeeIncluded,PercentageProfitFeeIncluded,WhiteList
QTUMBTC;Tue Mar 06 21:49:27 CET 2018;Wed Mar 07 06:00:38 CET 2018;0,002305000;0,002266000;2;-0,146535598;-0,488940934;true
CDTBTC;Tue Mar 06 21:49:44 CET 2018;Wed Mar 07 00:00:39 CET 2018;0,000005960;0,000005810;2;-0,385015196;-1,284668657;true
TRXBTC;Tue Mar 06 21:54:51 CET 2018;Wed Mar 07 00:00:40 CET 2018;0,000004110;0,000004080;2;0,096213546;0,321032854;true
RCNBTC;Tue Mar 06 21:55:39 CET 2018;Tue Mar 06 23:00:52 CET 2018;0,000013840;0,000013700;2;-0,038493429;-0,128439871;true
RCNBTC;Tue Mar 06 21:56:16 CET 2018;Tue Mar 06 23:00:52 CET 2018;0,000013790;0,000013700;2;0,070032700;0,233676011;true
RCNBTC;Tue Mar 06 21:57:26 CET 2018;Tue Mar 06 23:00:53 CET 2018;0,000013870;0,000013700;2;-0,103233530;-0,344456223;true
LINKBTC;Tue Mar 06 22:00:08 CET 2018;Wed Mar 07 00:00:41 CET 2018;0,000050220;0,000049470;2;0,004431768;0,014787348;true
ASTBTC;Tue Mar 06 22:00:13 CET 2018;Wed Mar 07 07:00:39 CET 2018;0,000035750;0,000035250;2;-0,331911632;-1,107479585;true
DLTBTC;Tue Mar 06 22:00:19 CET 2018;Wed Mar 07 00:00:42 CET 2018;0,000026830;0,000025630;2;-0,902097798;-3,010002661;true
SALTBTC;Tue Mar 06 22:02:23 CET 2018;Wed Mar 07 04:00:43 CET 2018;0,000362000;0,000360000;2;0,188125886;0,627713999;true
SALTBTC;Tue Mar 06 22:02:55 CET 2018;Wed Mar 07 04:00:44 CET 2018;0,000362000;0,000360000;2;0,188125886;0,627713999;true
SALTBTC;Tue Mar 06 22:03:28 CET 2018;Wed Mar 07 04:00:46 CET 2018;0,000362000;0,000360000;2;0,188125886;0,627713999;true
POABTC;Tue Mar 06 22:06:04 CET 2018;Wed Mar 07 00:00:52 CET 2018;0,000038220;0,000036710;2;-0,915790902;-3,055692032;true
AMBBTC;Tue Mar 06 22:06:19 CET 2018;Wed Mar 07 08:00:45 CET 2018;0,000045970;0,000044250;2;-1,598313434;-5,333044491;true
POABTC;Tue Mar 06 22:06:35 CET 2018;Wed Mar 07 00:00:53 CET 2018;0,000038220;0,000036710;2;-0,915790902;-3,055692032;true
POABTC;Tue Mar 06 22:07:11 CET 2018;Wed Mar 07 00:00:54 CET 2018;0,000038210;0,000036710;2;-0,908187078;-3,030320582;true
POABTC;Tue Mar 06 22:07:43 CET 2018;Wed Mar 07 00:00:54 CET 2018;0,000038210;0,000036710;2;-0,908187078;-3,030320582;true
XVGBTC;Tue Mar 06 22:17:01 CET 2018;Wed Mar 07 07:16:38 CET 2018;0,000004620;0,000004520;4;-1,273985348;-4,250868697;true
XVGBTC;Tue Mar 06 22:17:32 CET 2018;Wed Mar 07 07:16:38 CET 2018;0,000004620;0,000004520;4;-1,273985348;-4,250868697;true
XVGBTC;Tue Mar 06 22:18:04 CET 2018;Wed Mar 07 07:16:39 CET 2018;0,000004630;0,000004520;4;-1,335963782;-4,457670276;true
XVGBTC;Tue Mar 06 22:18:35 CET 2018;Wed Mar 07 07:16:39 CET 2018;0,000004630;0,000004520;4;-1,335963782;-4,457670276;true
XVGBTC;Tue Mar 06 22:19:06 CET 2018;Wed Mar 07 07:16:40 CET 2018;0,000004630;0,000004520;4;-1,335963782;-4,457670276;true
XVGBTC;Tue Mar 06 22:19:37 CET 2018;Wed Mar 07 07:16:40 CET 2018;0,000004630;0,000004520;4;-1,335963782;-4,457670276;true
XVGBTC;Tue Mar 06 22:20:08 CET 2018;Wed Mar 07 07:16:41 CET 2018;0,000004630;0,000004520;4;-1,335963782;-4,457670276;true
XVGBTC;Tue Mar 06 22:20:39 CET 2018;Wed Mar 07 07:16:42 CET 2018;0,000004640;0,000004520;4;-1,397675067;-4,663580469;true
XVGBTC;Tue Mar 06 22:21:11 CET 2018;Wed Mar 07 07:16:42 CET 2018;0,000004640;0,000004520;4;-1,397675067;-4,663580469;true
XVGBTC;Tue Mar 06 22:21:43 CET 2018;Wed Mar 07 07:16:43 CET 2018;0,000004640;0,000004520;4;-1,397675067;-4,663580469;true
VIBBTC;Tue Mar 06 22:24:15 CET 2018;Wed Mar 07 00:01:05 CET 2018;0,000022840;0,000022500;2;-0,409175382;-1,365283222;true
VIBBTC;Tue Mar 06 22:24:51 CET 2018;Wed Mar 07 00:01:06 CET 2018;0,000022840;0,000022500;2;-0,409175382;-1,365283222;true
IOSTBTC;Tue Mar 06 22:26:22 CET 2018;Wed Mar 07 06:56:07 CET 2018;0,000002950;0,000002850;4;-1,399716825;-4,670393142;true
IOSTBTC;Tue Mar 06 22:26:56 CET 2018;Wed Mar 07 06:56:07 CET 2018;0,000002950;0,000002850;4;-1,399716825;-4,670393142;true
IOSTBTC;Tue Mar 06 22:27:30 CET 2018;Wed Mar 07 06:56:09 CET 2018;0,000002950;0,000002850;4;-1,399716825;-4,670393142;true
GASBTC;Tue Mar 06 22:33:00 CET 2018;Wed Mar 07 02:01:00 CET 2018;0,002877000;0,003074000;0;2,415582983;8,060003281;true
GASBTC;Tue Mar 06 22:33:33 CET 2018;Wed Mar 07 02:01:00 CET 2018;0,002876000;0,003074000;0;2,426843617;8,097576300;true
GASBTC;Tue Mar 06 22:34:07 CET 2018;Wed Mar 07 02:01:01 CET 2018;0,002873000;0,003074000;0;2,460672552;8,210452294;true
GASBTC;Tue Mar 06 22:34:42 CET 2018;Wed Mar 07 02:01:02 CET 2018;0,002873000;0,003074000;0;2,460672552;8,210452294;true
ENGBTC;Tue Mar 06 22:38:03 CET 2018;Wed Mar 07 06:56:09 CET 2018;0,000217330;0,000208850;4;-1,524269023;-5,085982726;true
ENGBTC;Tue Mar 06 22:38:38 CET 2018;Wed Mar 07 06:56:09 CET 2018;0,000218370;0,000208850;4;-1,659743494;-5,538016329;true
ENGBTC;Tue Mar 06 22:39:13 CET 2018;Wed Mar 07 06:56:10 CET 2018;0,000218310;0,000208850;4;-1,651962744;-5,512054536;true
ENGBTC;Tue Mar 06 22:39:48 CET 2018;Wed Mar 07 06:56:10 CET 2018;0,000218310;0,000208850;4;-1,651962744;-5,512054536;true
LTCBTC;Tue Mar 06 22:40:14 CET 2018;Wed Mar 07 01:01:16 CET 2018;0,018426000;0,018281000;2;-0,353542746;-1,179655477;true
ENGBTC;Tue Mar 06 22:40:23 CET 2018;Wed Mar 07 06:56:10 CET 2018;0,000218310;0,000208850;4;-1,651962744;-5,512054536;true
LTCBTC;Tue Mar 06 22:40:49 CET 2018;Wed Mar 07 01:01:17 CET 2018;0,018450000;0,018281000;2;-0,392068219;-1,308202267;true
ENGBTC;Tue Mar 06 22:40:58 CET 2018;Wed Mar 07 06:56:11 CET 2018;0,000218310;0,000208850;4;-1,651962744;-5,512054536;true
LTCBTC;Tue Mar 06 22:41:23 CET 2018;Wed Mar 07 01:01:18 CET 2018;0,018448000;0,018281000;2;-0,388861592;-1,297502809;true
ENGBTC;Tue Mar 06 22:41:32 CET 2018;Wed Mar 07 06:56:11 CET 2018;0,000218170;0,000208850;4;-1,633791020;-5,451421487;true
LTCBTC;Tue Mar 06 22:41:58 CET 2018;Wed Mar 07 01:01:19 CET 2018;0,018435000;0,018281000;2;-0,368001554;-1,227899746;true
ENGBTC;Tue Mar 06 22:42:08 CET 2018;Wed Mar 07 06:56:11 CET 2018;0,000218150;0,000208850;4;-1,631193155;-5,442753270;true
LTCBTC;Tue Mar 06 22:42:34 CET 2018;Wed Mar 07 01:01:21 CET 2018;0,018469000;0,018281000;2;-0,422496543;-1,409731540;true
ENGBTC;Tue Mar 06 22:42:43 CET 2018;Wed Mar 07 06:56:12 CET 2018;0,000218150;0,000208850;4;-1,631193155;-5,442753270;true
LTCBTC;Tue Mar 06 22:43:10 CET 2018;Wed Mar 07 01:01:22 CET 2018;0,018459000;0,018281000;2;-0,406489444;-1,356321134;true
ENGBTC;Tue Mar 06 22:43:19 CET 2018;Wed Mar 07 06:56:12 CET 2018;0,000218150;0,000208850;4;-1,631193155;-5,442753270;true
LSKBTC;Tue Mar 06 23:01:03 CET 2018;Wed Mar 07 07:16:44 CET 2018;0,001579100;0,001552400;4;-1,233938705;-4,117246263;true
CHATBTC;Tue Mar 06 23:02:42 CET 2018;Wed Mar 07 08:00:53 CET 2018;0,000015160;0,000014880;1;-1,265576593;-4,222811455;true
CHATBTC;Tue Mar 06 23:03:17 CET 2018;Wed Mar 07 08:00:53 CET 2018;0,000015160;0,000014880;1;-1,265576593;-4,222811455;true
CHATBTC;Tue Mar 06 23:03:44 CET 2018;Wed Mar 07 08:00:54 CET 2018;0,000015160;0,000014880;1;-1,265576593;-4,222811455;true
CHATBTC;Tue Mar 06 23:04:12 CET 2018;Wed Mar 07 08:00:55 CET 2018;0,000015190;0,000014880;1;-1,322267357;-4,411969826;true
CHATBTC;Tue Mar 06 23:04:39 CET 2018;Wed Mar 07 08:00:55 CET 2018;0,000015190;0,000014880;1;-1,322267357;-4,411969826;true
CHATBTC;Tue Mar 06 23:05:07 CET 2018;Wed Mar 07 08:00:56 CET 2018;0,000015190;0,000014880;1;-1,322267357;-4,411969826;true
CHATBTC;Tue Mar 06 23:05:35 CET 2018;Wed Mar 07 08:00:56 CET 2018;0,000015150;0,000014880;1;-1,246629779;-4,159592189;true
CHATBTC;Tue Mar 06 23:06:02 CET 2018;Wed Mar 07 08:00:57 CET 2018;0,000015150;0,000014880;1;-1,246629779;-4,159592189;true
CHATBTC;Tue Mar 06 23:06:29 CET 2018;Wed Mar 07 08:00:58 CET 2018;0,000015150;0,000014880;1;-1,246629779;-4,159592189;true
CHATBTC;Tue Mar 06 23:06:57 CET 2018;Wed Mar 07 08:00:58 CET 2018;0,000015150;0,000014880;1;-1,246629779;-4,159592189;true
CHATBTC;Tue Mar 06 23:07:24 CET 2018;Wed Mar 07 08:00:59 CET 2018;0,000015150;0,000014880;1;-1,246629779;-4,159592189;true
OSTBTC;Tue Mar 06 23:14:37 CET 2018;Wed Mar 07 05:40:03 CET 2018;0,000026890;0,000025940;4;-1,201941142;-4,010480953;true
OSTBTC;Tue Mar 06 23:15:05 CET 2018;Wed Mar 07 06:01:18 CET 2018;0,000026870;0,000025760;1;-1,261467703;-4,209101446;true
OSTBTC;Tue Mar 06 23:15:32 CET 2018;Wed Mar 07 05:40:04 CET 2018;0,000026890;0,000025940;4;-1,201941142;-4,010480953;true
OSTBTC;Tue Mar 06 23:16:00 CET 2018;Wed Mar 07 05:58:09 CET 2018;0,000026880;0,000025820;4;-1,202610615;-4,012714765;true
OSTBTC;Tue Mar 06 23:16:28 CET 2018;Wed Mar 07 05:58:09 CET 2018;0,000026880;0,000025820;4;-1,202610615;-4,012714765;true
OSTBTC;Tue Mar 06 23:16:55 CET 2018;Wed Mar 07 05:58:10 CET 2018;0,000026880;0,000025820;4;-1,202610615;-4,012714765;true
OSTBTC;Tue Mar 06 23:17:23 CET 2018;Wed Mar 07 06:56:19 CET 2018;0,000026760;0,000025620;4;-1,704299614;-5,686685400;true
RCNBTC;Tue Mar 06 23:22:50 CET 2018;Wed Mar 07 00:01:36 CET 2018;0,000013870;0,000013830;2;-0,009960168;-0,033233794;true
NAVBTC;Tue Mar 06 23:36:39 CET 2018;Wed Mar 07 08:01:02 CET 2018;0,000158000;0,000155200;1;-1,219810253;-4,070104282;true
MANABTC;Tue Mar 06 23:39:54 CET 2018;Wed Mar 07 00:01:41 CET 2018;0,000009850;0,000009820;2;-0,023207286;-0,077435053;true
MCOBTC;Tue Mar 06 23:40:07 CET 2018;Wed Mar 07 08:01:07 CET 2018;0,000764000;0,000751000;2;-1,199151922;-4,001174248;true
MCOBTC;Tue Mar 06 23:40:35 CET 2018;Wed Mar 07 08:01:08 CET 2018;0,000764000;0,000751000;2;-1,199151922;-4,001174248;true
MCOBTC;Tue Mar 06 23:41:02 CET 2018;Wed Mar 07 08:01:09 CET 2018;0,000765000;0,000751000;2;-1,236760874;-4,126662910;true
MCOBTC;Tue Mar 06 23:41:30 CET 2018;Wed Mar 07 08:01:10 CET 2018;0,000765000;0,000751000;2;-1,236760874;-4,126662910;true
MCOBTC;Tue Mar 06 23:42:27 CET 2018;Wed Mar 07 07:39:33 CET 2018;0,000766000;0,000749000;4;-1,228154203;-4,097945288;true
MCOBTC;Tue Mar 06 23:42:55 CET 2018;Wed Mar 07 07:39:34 CET 2018;0,000768000;0,000749000;4;-1,303002760;-4,347690222;true
MCOBTC;Tue Mar 06 23:43:23 CET 2018;Wed Mar 07 07:39:34 CET 2018;0,000768000;0,000749000;4;-1,303002760;-4,347690222;true
MCOBTC;Tue Mar 06 23:43:53 CET 2018;Wed Mar 07 07:39:34 CET 2018;0,000768000;0,000749000;4;-1,303002760;-4,347690222;true
MCOBTC;Tue Mar 06 23:44:21 CET 2018;Wed Mar 07 07:39:35 CET 2018;0,000768000;0,000749000;4;-1,303002760;-4,347690222;true
MCOBTC;Tue Mar 06 23:44:49 CET 2018;Wed Mar 07 07:39:35 CET 2018;0,000768000;0,000749000;4;-1,303002760;-4,347690222;true
IOTABTC;Wed Mar 07 00:00:03 CET 2018;Wed Mar 07 07:01:24 CET 2018;0,000159680;0,000156050;2;-1,049874804;-3,503085765;true
ARNBTC;Wed Mar 07 00:00:13 CET 2018;Wed Mar 07 00:01:51 CET 2018;0,000191900;0,000191010;2;-0,151438194;-0,505299279;true
TNBBTC;Wed Mar 07 00:00:19 CET 2018;Wed Mar 07 06:56:28 CET 2018;0,000003890;0,000003760;4;-1,433192784;-4,782091372;true
BLZBTC;Wed Mar 07 00:00:24 CET 2018;Wed Mar 07 07:16:57 CET 2018;0,000041630;0,000040670;4;-1,357999841;-4,531197334;true
NCASHBTC;Wed Mar 07 00:00:25 CET 2018;Wed Mar 07 07:16:58 CET 2018;0,000002860;0,000002780;4;-1,501851666;-5,011183405;true
IOTABTC;Wed Mar 07 00:00:31 CET 2018;Wed Mar 07 07:01:27 CET 2018;0,000159530;0,000156050;2;-1,022682308;-3,412353381;true
TNBBTC;Wed Mar 07 00:00:47 CET 2018;Wed Mar 07 06:56:30 CET 2018;0,000003890;0,000003760;4;-1,433192784;-4,782091372;true
BLZBTC;Wed Mar 07 00:00:53 CET 2018;Wed Mar 07 07:16:59 CET 2018;0,000041630;0,000040670;4;-1,357999841;-4,531197334;true
NCASHBTC;Wed Mar 07 00:00:54 CET 2018;Wed Mar 07 07:16:59 CET 2018;0,000002840;0,000002780;4;-1,301371749;-4,342248077;true
IOTABTC;Wed Mar 07 00:00:59 CET 2018;Wed Mar 07 07:01:30 CET 2018;0,000159220;0,000156040;2;-0,968180739;-3,230499629;true
TNBBTC;Wed Mar 07 00:01:15 CET 2018;Wed Mar 07 06:56:32 CET 2018;0,000003890;0,000003760;4;-1,433192784;-4,782091372;true
BLZBTC;Wed Mar 07 00:01:20 CET 2018;Wed Mar 07 07:17:00 CET 2018;0,000041630;0,000040670;4;-1,357999841;-4,531197334;true
NCASHBTC;Wed Mar 07 00:01:21 CET 2018;Wed Mar 07 07:17:00 CET 2018;0,000002850;0,000002780;4;-1,401963427;-4,677889312;true
IOTABTC;Wed Mar 07 00:01:27 CET 2018;Wed Mar 07 07:01:33 CET 2018;0,000159400;0,000156030;2;-1,002787113;-3,345969680;true
TNBBTC;Wed Mar 07 00:01:42 CET 2018;Wed Mar 07 06:56:34 CET 2018;0,000003890;0,000003760;4;-1,433192784;-4,782091372;true
BLZBTC;Wed Mar 07 00:01:48 CET 2018;Wed Mar 07 07:17:01 CET 2018;0,000041630;0,000040670;4;-1,357999841;-4,531197334;true
NCASHBTC;Wed Mar 07 00:01:48 CET 2018;Wed Mar 07 07:17:01 CET 2018;0,000002830;0,000002780;4;-1,200069175;-4,004234819;true
IOTABTC;Wed Mar 07 00:01:54 CET 2018;Wed Mar 07 07:01:35 CET 2018;0,000159320;0,000156030;2;-0,988241689;-3,297436399;true
TNBBTC;Wed Mar 07 00:02:09 CET 2018;Wed Mar 07 06:56:36 CET 2018;0,000003890;0,000003760;4;-1,433192784;-4,782091372;true
BLZBTC;Wed Mar 07 00:02:15 CET 2018;Wed Mar 07 07:17:02 CET 2018;0,000041630;0,000040670;4;-1,357999841;-4,531197334;true
NCASHBTC;Wed Mar 07 00:02:16 CET 2018;Wed Mar 07 07:17:02 CET 2018;0,000002830;0,000002780;4;-1,200069175;-4,004234819;true
IOTABTC;Wed Mar 07 00:02:21 CET 2018;Wed Mar 07 07:01:38 CET 2018;0,000159330;0,000156030;2;-0,990060666;-3,303505724;true
TNBBTC;Wed Mar 07 00:02:37 CET 2018;Wed Mar 07 06:56:38 CET 2018;0,000003880;0,000003760;4;-1,359644312;-4,536684391;true
BLZBTC;Wed Mar 07 00:02:43 CET 2018;Wed Mar 07 07:17:03 CET 2018;0,000041560;0,000040670;4;-1,309808310;-4,370398100;true
NCASHBTC;Wed Mar 07 00:02:44 CET 2018;Wed Mar 07 07:17:03 CET 2018;0,000002830;0,000002780;4;-1,200069175;-4,004234819;true
IOTABTC;Wed Mar 07 00:02:49 CET 2018;Wed Mar 07 07:01:42 CET 2018;0,000159100;0,000156030;2;-0,948166347;-3,163718209;true
TNBBTC;Wed Mar 07 00:03:06 CET 2018;Wed Mar 07 06:56:40 CET 2018;0,000003890;0,000003760;4;-1,433192784;-4,782091372;true
BLZBTC;Wed Mar 07 00:03:12 CET 2018;Wed Mar 07 07:17:05 CET 2018;0,000041560;0,000040670;4;-1,309808310;-4,370398100;true
NCASHBTC;Wed Mar 07 00:03:12 CET 2018;Wed Mar 07 07:17:05 CET 2018;0,000002830;0,000002780;4;-1,200069175;-4,004234819;true
IOTABTC;Wed Mar 07 00:03:18 CET 2018;Wed Mar 07 07:01:46 CET 2018;0,000159210;0,000156010;2;-0,971935324;-3,243027442;true
TNBBTC;Wed Mar 07 00:03:33 CET 2018;Wed Mar 07 06:56:43 CET 2018;0,000003880;0,000003760;4;-1,359644312;-4,536684391;true
BLZBTC;Wed Mar 07 00:03:39 CET 2018;Wed Mar 07 07:17:06 CET 2018;0,000041560;0,000040670;4;-1,309808310;-4,370398100;true
NCASHBTC;Wed Mar 07 00:03:40 CET 2018;Wed Mar 07 07:17:06 CET 2018;0,000002830;0,000002780;4;-1,200069175;-4,004234819;true
IOTABTC;Wed Mar 07 00:03:46 CET 2018;Wed Mar 07 07:01:49 CET 2018;0,000159270;0,000156010;2;-0,982859440;-3,279477611;true
TNBBTC;Wed Mar 07 00:04:01 CET 2018;Wed Mar 07 06:56:45 CET 2018;0,000003880;0,000003760;4;-1,359644312;-4,536684391;true
BLZBTC;Wed Mar 07 00:04:07 CET 2018;Wed Mar 07 07:17:07 CET 2018;0,000041560;0,000040670;4;-1,309808310;-4,370398100;true
NCASHBTC;Wed Mar 07 00:04:08 CET 2018;Wed Mar 07 07:39:42 CET 2018;0,000002820;0,000002760;4;-1,278577249;-4,266190355;true
IOTABTC;Wed Mar 07 00:04:13 CET 2018;Wed Mar 07 07:01:52 CET 2018;0,000159270;0,000156010;2;-0,982859440;-3,279477611;true
TNBBTC;Wed Mar 07 00:04:29 CET 2018;Wed Mar 07 06:56:47 CET 2018;0,000003880;0,000003760;4;-1,359644312;-4,536684391;true
BLZBTC;Wed Mar 07 00:04:35 CET 2018;Wed Mar 07 07:17:09 CET 2018;0,000041560;0,000040670;4;-1,309808310;-4,370398100;true
NCASHBTC;Wed Mar 07 00:04:36 CET 2018;Wed Mar 07 07:17:09 CET 2018;0,000002830;0,000002780;4;-1,200069175;-4,004234819;true
IOTABTC;Wed Mar 07 00:04:41 CET 2018;Wed Mar 07 07:01:56 CET 2018;0,000159230;0,000156010;2;-0,975577611;-3,255180551;true
TNBBTC;Wed Mar 07 00:04:57 CET 2018;Wed Mar 07 06:56:49 CET 2018;0,000003880;0,000003750;4;-1,435735684;-4,790576188;true
BLZBTC;Wed Mar 07 00:05:03 CET 2018;Wed Mar 07 07:17:10 CET 2018;0,000041560;0,000040510;4;-1,422560478;-4,746614876;true
NCASHBTC;Wed Mar 07 00:05:04 CET 2018;Wed Mar 07 07:39:44 CET 2018;0,000002830;0,000002760;4;-1,379960369;-4,604472368;true
IOTABTC;Wed Mar 07 00:05:09 CET 2018;Wed Mar 07 07:02:00 CET 2018;0,000159210;0,000156010;2;-0,971935324;-3,243027442;true
TNBBTC;Wed Mar 07 00:05:25 CET 2018;Wed Mar 07 06:56:51 CET 2018;0,000003880;0,000003760;4;-1,359644312;-4,536684391;true
BLZBTC;Wed Mar 07 00:05:31 CET 2018;Wed Mar 07 07:17:12 CET 2018;0,000041560;0,000040510;4;-1,422560478;-4,746614876;true
NCASHBTC;Wed Mar 07 00:05:32 CET 2018;Wed Mar 07 07:17:12 CET 2018;0,000002850;0,000002790;4;-1,299200705;-4,335004021;true
IOTABTC;Wed Mar 07 00:05:37 CET 2018;Wed Mar 07 07:02:03 CET 2018;0,000159360;0,000156010;2;-0,999230190;-3,334101400;true
TNBBTC;Wed Mar 07 00:05:53 CET 2018;Wed Mar 07 06:56:54 CET 2018;0,000003880;0,000003750;4;-1,435735684;-4,790576188;true
BLZBTC;Wed Mar 07 00:05:59 CET 2018;Wed Mar 07 07:17:13 CET 2018;0,000041560;0,000040510;4;-1,422560478;-4,746614876;true
NCASHBTC;Wed Mar 07 00:06:00 CET 2018;Wed Mar 07 07:39:46 CET 2018;0,000002830;0,000002760;4;-1,379960369;-4,604472368;true
TRXBTC;Wed Mar 07 00:11:15 CET 2018;Wed Mar 07 08:01:30 CET 2018;0,000004100;0,000004090;2;-0,796794902;-2,658641650;true
REQBTC;Wed Mar 07 00:12:35 CET 2018;Wed Mar 07 07:39:47 CET 2018;0,000025040;0,000024500;4;-1,233625464;-4,116201080;true
REQBTC;Wed Mar 07 00:13:03 CET 2018;Wed Mar 07 07:39:47 CET 2018;0,000025040;0,000024500;4;-1,233625464;-4,116201080;true
REQBTC;Wed Mar 07 00:13:31 CET 2018;Wed Mar 07 07:39:48 CET 2018;0,000025040;0,000024500;4;-1,233625464;-4,116201080;true
TRXBTC;Wed Mar 07 00:13:58 CET 2018;Wed Mar 07 08:01:31 CET 2018;0,000004100;0,000004090;2;-0,796794902;-2,658641650;true
TRXBTC;Wed Mar 07 00:15:44 CET 2018;Wed Mar 07 08:01:31 CET 2018;0,000004100;0,000004090;2;-0,796794902;-2,658641650;true
RCNBTC;Wed Mar 07 00:33:16 CET 2018;Wed Mar 07 01:02:50 CET 2018;0,000013900;0,000013960;2;0,368150467;1,228396622;true
RCNBTC;Wed Mar 07 00:33:42 CET 2018;Wed Mar 07 02:02:32 CET 2018;0,000013920;0,000013410;2;-0,480825555;-1,604356207;true
RCNBTC;Wed Mar 07 00:37:07 CET 2018;Wed Mar 07 02:02:32 CET 2018;0,000013920;0,000013410;2;-0,480825555;-1,604356207;true
RCNBTC;Wed Mar 07 00:37:32 CET 2018;Wed Mar 07 02:02:33 CET 2018;0,000013920;0,000013410;2;-0,480825555;-1,604356207;true
RCNBTC;Wed Mar 07 00:37:58 CET 2018;Wed Mar 07 02:02:33 CET 2018;0,000013910;0,000013410;2;-0,459625574;-1,533618864;true
RCNBTC;Wed Mar 07 00:38:48 CET 2018;Wed Mar 07 01:02:53 CET 2018;0,000013870;0,000013960;2;0,433770115;1,447347732;true
RCNBTC;Wed Mar 07 00:39:14 CET 2018;Wed Mar 07 01:02:54 CET 2018;0,000013870;0,000013960;2;0,433770115;1,447347732;true
RCNBTC;Wed Mar 07 00:39:39 CET 2018;Wed Mar 07 02:02:34 CET 2018;0,000013920;0,000013410;2;-0,480825555;-1,604356207;true
RCNBTC;Wed Mar 07 00:40:05 CET 2018;Wed Mar 07 02:02:35 CET 2018;0,000013920;0,000013410;2;-0,480825555;-1,604356207;true
CDTBTC;Wed Mar 07 00:50:25 CET 2018;Wed Mar 07 02:41:32 CET 2018;0,000005980;0,000005610;4;-1,372902809;-4,580923621;true
CDTBTC;Wed Mar 07 00:52:06 CET 2018;Wed Mar 07 02:56:28 CET 2018;0,000005940;0,000005560;4;-1,418484057;-4,733013202;true
WINGSBTC;Wed Mar 07 01:02:57 CET 2018;Wed Mar 07 05:58:51 CET 2018;0,000065990;0,000071160;3;2,492223319;8,315726790;true
WINGSBTC;Wed Mar 07 01:03:23 CET 2018;Wed Mar 07 05:58:52 CET 2018;0,000065990;0,000071160;3;2,492223319;8,315726790;true
WINGSBTC;Wed Mar 07 01:03:49 CET 2018;Wed Mar 07 05:58:53 CET 2018;0,000065990;0,000071160;3;2,492223319;8,315726790;true
WINGSBTC;Wed Mar 07 01:04:17 CET 2018;Wed Mar 07 05:58:54 CET 2018;0,000065930;0,000071160;3;2,521765764;8,414300180;true
WINGSBTC;Wed Mar 07 01:04:45 CET 2018;Wed Mar 07 05:58:54 CET 2018;0,000065930;0,000071160;3;2,521765764;8,414300180;true
WABIBTC;Wed Mar 07 01:11:12 CET 2018;Wed Mar 07 01:44:47 CET 2018;0,000118860;0,000112920;4;-1,289452964;-4,302479025;true
WABIBTC;Wed Mar 07 01:11:37 CET 2018;Wed Mar 07 01:44:47 CET 2018;0,000118870;0,000112920;4;-1,291865730;-4,310529628;true
WABIBTC;Wed Mar 07 01:12:01 CET 2018;Wed Mar 07 01:31:36 CET 2018;0,000121150;0,000113950;4;-1,623552877;-5,417260184;true
WABIBTC;Wed Mar 07 01:12:27 CET 2018;Wed Mar 07 01:44:47 CET 2018;0,000118880;0,000112920;4;-1,294278089;-4,318578877;true
WABIBTC;Wed Mar 07 01:12:51 CET 2018;Wed Mar 07 01:44:48 CET 2018;0,000118550;0,000112920;4;-1,214455329;-4,052236667;true
WABIBTC;Wed Mar 07 01:13:16 CET 2018;Wed Mar 07 02:02:51 CET 2018;0,000118480;0,000113450;2;-1,034690961;-3,452422292;true
WABIBTC;Wed Mar 07 01:13:40 CET 2018;Wed Mar 07 02:02:51 CET 2018;0,000118390;0,000113450;2;-1,012694358;-3,379026887;true
WABIBTC;Wed Mar 07 01:14:04 CET 2018;Wed Mar 07 02:02:52 CET 2018;0,000118450;0,000113450;2;-1,027362474;-3,427969549;true
WABIBTC;Wed Mar 07 01:14:29 CET 2018;Wed Mar 07 01:44:49 CET 2018;0,000118830;0,000112920;4;-1,282212230;-4,278319085;true
WABIBTC;Wed Mar 07 01:16:29 CET 2018;Wed Mar 07 01:44:49 CET 2018;0,000118880;0,000112920;4;-1,294278089;-4,318578877;true
WABIBTC;Wed Mar 07 01:16:53 CET 2018;Wed Mar 07 01:44:50 CET 2018;0,000118860;0,000112920;4;-1,289452964;-4,302479025;true
WABIBTC;Wed Mar 07 01:17:18 CET 2018;Wed Mar 07 01:44:50 CET 2018;0,000118870;0,000112920;4;-1,291865730;-4,310529628;true
BTCUSDT;Wed Mar 07 01:22:37 CET 2018;Wed Mar 07 07:17:22 CET 2018;10816,900000000;10557,500000000;4;-1,346224340;-4,491906371;true
BTCUSDT;Wed Mar 07 01:23:01 CET 2018;Wed Mar 07 07:17:22 CET 2018;10840,000000000;10561,250000000;4;-1,397076066;-4,661581801;true
BTCUSDT;Wed Mar 07 01:23:25 CET 2018;Wed Mar 07 07:17:23 CET 2018;10840,460000000;10561,250000000;4;-1,398288519;-4,665627356;true
BTCUSDT;Wed Mar 07 01:23:49 CET 2018;Wed Mar 07 07:17:23 CET 2018;10826,580000000;10561,250000000;4;-1,361658728;-4,543405833;true
BTCUSDT;Wed Mar 07 01:24:13 CET 2018;Wed Mar 07 07:17:23 CET 2018;10834,820000000;10561,250000000;4;-1,383415687;-4,616001625;true
BTCUSDT;Wed Mar 07 01:24:38 CET 2018;Wed Mar 07 07:17:24 CET 2018;10840,070000000;10560,000000000;4;-1,400642366;-4,673481367;true
BTCUSDT;Wed Mar 07 01:25:02 CET 2018;Wed Mar 07 07:17:24 CET 2018;10849,380000000;10560,000000000;4;-1,425158119;-4,755282344;true
BTCUSDT;Wed Mar 07 01:25:27 CET 2018;Wed Mar 07 07:17:24 CET 2018;10840,130000000;10560,000000000;4;-1,400800497;-4,674008998;true
BTCUSDT;Wed Mar 07 01:25:51 CET 2018;Wed Mar 07 07:17:25 CET 2018;10826,580000000;10560,000000000;4;-1,365044731;-4,554703809;true
BTCUSDT;Wed Mar 07 01:26:15 CET 2018;Wed Mar 07 07:17:25 CET 2018;10835,700000000;10560,000000000;4;-1,389120443;-4,635036515;true
BTCUSDT;Wed Mar 07 01:26:39 CET 2018;Wed Mar 07 07:17:25 CET 2018;10827,000000000;10559,410000000;4;-1,367752504;-4,563738751;true
BTCUSDT;Wed Mar 07 01:27:04 CET 2018;Wed Mar 07 07:17:26 CET 2018;10827,040000000;10559,410000000;4;-1,367858173;-4,564091336;true
BTCUSDT;Wed Mar 07 01:27:28 CET 2018;Wed Mar 07 07:17:26 CET 2018;10829,660000000;10559,410000000;4;-1,374777838;-4,587179973;true
BTCUSDT;Wed Mar 07 01:27:53 CET 2018;Wed Mar 07 07:17:26 CET 2018;10827,950000000;10559,410000000;4;-1,370261948;-4,572111938;true
BTCUSDT;Wed Mar 07 01:28:18 CET 2018;Wed Mar 07 07:17:27 CET 2018;10828,990000000;10560,000000000;4;-1,371410786;-4,575945232;true
BTCUSDT;Wed Mar 07 01:28:43 CET 2018;Wed Mar 07 07:17:27 CET 2018;10827,000000000;10560,000000000;4;-1,366154372;-4,558406314;true
BTCUSDT;Wed Mar 07 01:29:09 CET 2018;Wed Mar 07 07:17:27 CET 2018;10822,010000000;10560,000000000;4;-1,352965215;-4,514398449;true
BTCUSDT;Wed Mar 07 01:29:35 CET 2018;Wed Mar 07 07:17:28 CET 2018;10825,000000000;10559,410000000;4;-1,362468024;-4,546106186;true
BTCUSDT;Wed Mar 07 01:30:00 CET 2018;Wed Mar 07 07:17:28 CET 2018;10816,890000000;10559,410000000;4;-1,341019430;-4,474539305;true
POABTC;Wed Mar 07 01:52:27 CET 2018;Wed Mar 07 06:37:06 CET 2018;0,000037740;0,000036210;4;-1,563785406;-5,217835858;true
POABTC;Wed Mar 07 01:52:52 CET 2018;Wed Mar 07 06:37:06 CET 2018;0,000037770;0,000036210;4;-1,586347928;-5,293119546;true
POABTC;Wed Mar 07 01:53:29 CET 2018;Wed Mar 07 06:17:41 CET 2018;0,000037770;0,000036310;4;-1,242554607;-4,145994685;true
POABTC;Wed Mar 07 01:54:41 CET 2018;Wed Mar 07 06:17:41 CET 2018;0,000037770;0,000036310;4;-1,242554607;-4,145994685;true
POABTC;Wed Mar 07 01:55:05 CET 2018;Wed Mar 07 06:17:41 CET 2018;0,000037770;0,000036310;4;-1,242554607;-4,145994685;true
POABTC;Wed Mar 07 01:55:30 CET 2018;Wed Mar 07 06:17:42 CET 2018;0,000037770;0,000036310;4;-1,242554607;-4,145994685;true
POABTC;Wed Mar 07 01:55:54 CET 2018;Wed Mar 07 06:17:42 CET 2018;0,000037770;0,000036310;4;-1,242554607;-4,145994685;true
POABTC;Wed Mar 07 01:56:19 CET 2018;Wed Mar 07 06:17:42 CET 2018;0,000037840;0,000036310;4;-1,295697344;-4,323314462;true
POABTC;Wed Mar 07 01:56:43 CET 2018;Wed Mar 07 06:17:43 CET 2018;0,000037840;0,000036310;4;-1,295697344;-4,323314462;true
POABTC;Wed Mar 07 01:57:09 CET 2018;Wed Mar 07 06:17:43 CET 2018;0,000037840;0,000036310;4;-1,295697344;-4,323314462;true
POABTC;Wed Mar 07 01:57:33 CET 2018;Wed Mar 07 06:17:43 CET 2018;0,000037840;0,000036310;4;-1,295697344;-4,323314462;true
NULSBTC;Wed Mar 07 02:01:03 CET 2018;Wed Mar 07 04:03:08 CET 2018;0,000389810;0,000379420;2;-1,028431653;-3,431537048;true
NULSBTC;Wed Mar 07 02:01:51 CET 2018;Wed Mar 07 04:03:11 CET 2018;0,000389610;0,000379500;2;-1,007469559;-3,361593455;true
NULSBTC;Wed Mar 07 02:02:15 CET 2018;Wed Mar 07 04:03:13 CET 2018;0,000389900;0,000379560;2;-1,024435672;-3,418203778;true
NULSBTC;Wed Mar 07 02:02:40 CET 2018;Wed Mar 07 04:03:15 CET 2018;0,000389200;0,000379500;2;-0,976959185;-3,259790406;true
NULSBTC;Wed Mar 07 02:06:15 CET 2018;Wed Mar 07 04:03:26 CET 2018;0,000389850;0,000379430;2;-1,030638455;-3,438900418;true
NULSBTC;Wed Mar 07 02:07:02 CET 2018;Wed Mar 07 04:03:29 CET 2018;0,000388770;0,000379420;2;-0,951009962;-3,173206412;true
NULSBTC;Wed Mar 07 02:07:26 CET 2018;Wed Mar 07 04:03:31 CET 2018;0,000388660;0,000379420;2;-0,942796899;-3,145802133;true
RPXBTC;Wed Mar 07 02:07:38 CET 2018;Wed Mar 07 06:57:24 CET 2018;0,000013430;0,000013190;4;-1,239515691;-4,135854825;true
RPXBTC;Wed Mar 07 02:08:03 CET 2018;Wed Mar 07 06:57:25 CET 2018;0,000013430;0,000013190;4;-1,239515691;-4,135854825;true
RPXBTC;Wed Mar 07 02:08:28 CET 2018;Wed Mar 07 06:57:26 CET 2018;0,000013430;0,000013190;4;-1,239515691;-4,135854825;true
RPXBTC;Wed Mar 07 02:08:53 CET 2018;Wed Mar 07 06:57:27 CET 2018;0,000013430;0,000013190;4;-1,239515691;-4,135854825;true
NULSBTC;Wed Mar 07 02:09:05 CET 2018;Wed Mar 07 04:03:39 CET 2018;0,000388880;0,000380920;2;-0,844527080;-2,817908173;true
RPXBTC;Wed Mar 07 02:09:18 CET 2018;Wed Mar 07 06:57:28 CET 2018;0,000013430;0,000013190;4;-1,239515691;-4,135854825;true
RPXBTC;Wed Mar 07 02:09:42 CET 2018;Wed Mar 07 06:57:29 CET 2018;0,000013450;0,000013190;4;-1,282237601;-4,278403739;true
NULSBTC;Wed Mar 07 02:09:55 CET 2018;Wed Mar 07 04:03:43 CET 2018;0,000389850;0,000379470;2;-1,027587630;-3,428720822;true
RPXBTC;Wed Mar 07 02:10:06 CET 2018;Wed Mar 07 06:57:30 CET 2018;0,000013430;0,000013190;4;-1,239515691;-4,135854825;true
NULSBTC;Wed Mar 07 02:10:19 CET 2018;Wed Mar 07 04:03:45 CET 2018;0,000389670;0,000379470;2;-1,014218281;-3,384111717;true
NULSBTC;Wed Mar 07 02:10:45 CET 2018;Wed Mar 07 04:03:47 CET 2018;0,000389900;0,000379470;2;-1,031299148;-3,441104931;true
NULSBTC;Wed Mar 07 02:11:09 CET 2018;Wed Mar 07 04:03:49 CET 2018;0,000389870;0,000379470;2;-1,029072352;-3,433674847;true
NULSBTC;Wed Mar 07 02:11:34 CET 2018;Wed Mar 07 04:03:51 CET 2018;0,000389830;0,000379470;2;-1,026102757;-3,423766290;true
NEBLBTC;Wed Mar 07 02:22:17 CET 2018;Wed Mar 07 05:03:46 CET 2018;0,001453900;0,001422400;2;-0,911709451;-3,042073578;true
KNCBTC;Wed Mar 07 02:37:08 CET 2018;Wed Mar 07 07:17:47 CET 2018;0,000171110;0,000167800;4;-1,352726137;-4,513600726;true
EVXBTC;Wed Mar 07 02:42:25 CET 2018;Wed Mar 07 07:17:47 CET 2018;0,000181610;0,000178980;4;-1,293151578;-4,314820081;true
EVXBTC;Wed Mar 07 02:42:48 CET 2018;Wed Mar 07 07:17:48 CET 2018;0,000181610;0,000178980;4;-1,293151578;-4,314820081;true
EVXBTC;Wed Mar 07 02:43:11 CET 2018;Wed Mar 07 07:17:48 CET 2018;0,000181610;0,000178980;4;-1,293151578;-4,314820081;true
EVXBTC;Wed Mar 07 02:43:34 CET 2018;Wed Mar 07 07:17:48 CET 2018;0,000181610;0,000178980;4;-1,293151578;-4,314820081;true
EVXBTC;Wed Mar 07 02:43:57 CET 2018;Wed Mar 07 07:17:49 CET 2018;0,000181610;0,000178980;4;-1,293151578;-4,314820081;true
EVXBTC;Wed Mar 07 02:44:20 CET 2018;Wed Mar 07 07:17:49 CET 2018;0,000181610;0,000178980;4;-1,293151578;-4,314820081;true
EVXBTC;Wed Mar 07 02:44:43 CET 2018;Wed Mar 07 07:17:49 CET 2018;0,000181610;0,000178980;4;-1,293151578;-4,314820081;true
EVXBTC;Wed Mar 07 02:45:07 CET 2018;Wed Mar 07 07:17:50 CET 2018;0,000181880;0,000178980;4;-1,335722224;-4,456864278;true
EVXBTC;Wed Mar 07 02:45:29 CET 2018;Wed Mar 07 07:17:50 CET 2018;0,000181880;0,000178980;4;-1,335722224;-4,456864278;true
EVXBTC;Wed Mar 07 02:45:53 CET 2018;Wed Mar 07 07:17:50 CET 2018;0,000181880;0,000178980;4;-1,335722224;-4,456864278;true
EVXBTC;Wed Mar 07 02:46:17 CET 2018;Wed Mar 07 07:17:51 CET 2018;0,000181880;0,000178980;4;-1,335722224;-4,456864278;true
EVXBTC;Wed Mar 07 02:46:40 CET 2018;Wed Mar 07 07:17:51 CET 2018;0,000181880;0,000178980;4;-1,335722224;-4,456864278;true
EVXBTC;Wed Mar 07 02:47:03 CET 2018;Wed Mar 07 07:17:51 CET 2018;0,000181880;0,000178980;4;-1,335722224;-4,456864278;true
EVXBTC;Wed Mar 07 02:47:26 CET 2018;Wed Mar 07 07:17:52 CET 2018;0,000181880;0,000178980;4;-1,335722224;-4,456864278;true
EVXBTC;Wed Mar 07 02:47:48 CET 2018;Wed Mar 07 07:17:52 CET 2018;0,000181880;0,000178980;4;-1,335722224;-4,456864278;true
EVXBTC;Wed Mar 07 02:48:11 CET 2018;Wed Mar 07 07:17:52 CET 2018;0,000181880;0,000178980;4;-1,335722224;-4,456864278;true
EVXBTC;Wed Mar 07 02:48:33 CET 2018;Wed Mar 07 07:17:53 CET 2018;0,000181880;0,000178980;4;-1,335722224;-4,456864278;true
EVXBTC;Wed Mar 07 02:48:55 CET 2018;Wed Mar 07 07:17:53 CET 2018;0,000181880;0,000178980;4;-1,335722224;-4,456864278;true
EVXBTC;Wed Mar 07 02:49:18 CET 2018;Wed Mar 07 07:17:53 CET 2018;0,000181880;0,000178980;4;-1,335722224;-4,456864278;true
EVXBTC;Wed Mar 07 02:49:40 CET 2018;Wed Mar 07 07:17:53 CET 2018;0,000181880;0,000178980;4;-1,335722224;-4,456864278;true
EVXBTC;Wed Mar 07 02:50:02 CET 2018;Wed Mar 07 07:17:54 CET 2018;0,000181880;0,000178980;4;-1,335722224;-4,456864278;true
EVXBTC;Wed Mar 07 02:50:26 CET 2018;Wed Mar 07 07:17:54 CET 2018;0,000181880;0,000178980;4;-1,335722224;-4,456864278;true
EVXBTC;Wed Mar 07 02:50:48 CET 2018;Wed Mar 07 07:17:54 CET 2018;0,000181880;0,000178590;4;-1,398116728;-4,665054148;true
EVXBTC;Wed Mar 07 02:51:10 CET 2018;Wed Mar 07 07:17:55 CET 2018;0,000181880;0,000178580;4;-1,399716587;-4,670392350;true
EVXBTC;Wed Mar 07 02:51:33 CET 2018;Wed Mar 07 07:17:55 CET 2018;0,000181880;0,000178580;4;-1,399716587;-4,670392350;true
EVXBTC;Wed Mar 07 02:51:55 CET 2018;Wed Mar 07 07:17:55 CET 2018;0,000181880;0,000178580;4;-1,399716587;-4,670392350;true
EVXBTC;Wed Mar 07 02:52:17 CET 2018;Wed Mar 07 07:17:56 CET 2018;0,000181880;0,000178580;4;-1,399716587;-4,670392350;true
MTLBTC;Wed Mar 07 02:52:36 CET 2018;Wed Mar 07 07:17:56 CET 2018;0,000515000;0,000504000;4;-1,493278831;-4,982578683;true
EVXBTC;Wed Mar 07 02:52:39 CET 2018;Wed Mar 07 07:17:56 CET 2018;0,000181880;0,000178580;4;-1,399716587;-4,670392350;true
MTLBTC;Wed Mar 07 02:52:58 CET 2018;Wed Mar 07 07:17:57 CET 2018;0,000515000;0,000504000;4;-1,493278831;-4,982578683;true
EVXBTC;Wed Mar 07 02:53:02 CET 2018;Wed Mar 07 07:17:57 CET 2018;0,000181880;0,000178580;4;-1,399716587;-4,670392350;true
EVXBTC;Wed Mar 07 02:53:24 CET 2018;Wed Mar 07 07:17:57 CET 2018;0,000181880;0,000178580;4;-1,399716587;-4,670392350;true
EVXBTC;Wed Mar 07 02:53:47 CET 2018;Wed Mar 07 07:17:58 CET 2018;0,000181880;0,000178570;4;-1,401316446;-4,675730552;true
EVXBTC;Wed Mar 07 02:54:09 CET 2018;Wed Mar 07 07:17:58 CET 2018;0,000181880;0,000178570;4;-1,401316446;-4,675730552;true
EVXBTC;Wed Mar 07 02:54:31 CET 2018;Wed Mar 07 07:17:58 CET 2018;0,000181880;0,000178570;4;-1,401316446;-4,675730552;true
EVXBTC;Wed Mar 07 02:54:54 CET 2018;Wed Mar 07 07:17:59 CET 2018;0,000181880;0,000178570;4;-1,401316446;-4,675730552;true
EVXBTC;Wed Mar 07 02:55:16 CET 2018;Wed Mar 07 07:17:59 CET 2018;0,000181880;0,000178570;4;-1,401316446;-4,675730552;true
ADXBTC;Wed Mar 07 03:00:13 CET 2018;Wed Mar 07 06:57:46 CET 2018;0,000104000;0,000101870;4;-1,237810351;-4,130164667;true
ADXBTC;Wed Mar 07 03:00:35 CET 2018;Wed Mar 07 06:57:46 CET 2018;0,000104000;0,000101870;4;-1,237810351;-4,130164667;true
ADXBTC;Wed Mar 07 03:00:57 CET 2018;Wed Mar 07 06:57:46 CET 2018;0,000104000;0,000101870;4;-1,237810351;-4,130164667;true
ADXBTC;Wed Mar 07 03:01:19 CET 2018;Wed Mar 07 06:57:47 CET 2018;0,000104000;0,000101870;4;-1,237810351;-4,130164667;true
ADXBTC;Wed Mar 07 03:01:41 CET 2018;Wed Mar 07 06:57:47 CET 2018;0,000104000;0,000101870;4;-1,237810351;-4,130164667;true
ADXBTC;Wed Mar 07 03:02:04 CET 2018;Wed Mar 07 06:57:47 CET 2018;0,000104000;0,000101870;4;-1,237810351;-4,130164667;true
ADXBTC;Wed Mar 07 03:02:26 CET 2018;Wed Mar 07 06:57:48 CET 2018;0,000104000;0,000101870;4;-1,237810351;-4,130164667;true
ADXBTC;Wed Mar 07 03:02:48 CET 2018;Wed Mar 07 06:57:48 CET 2018;0,000104000;0,000101870;4;-1,237810351;-4,130164667;true
ADXBTC;Wed Mar 07 03:03:11 CET 2018;Wed Mar 07 06:57:48 CET 2018;0,000104050;0,000101870;4;-1,251617265;-4,176233785;true
ADXBTC;Wed Mar 07 03:03:34 CET 2018;Wed Mar 07 06:57:49 CET 2018;0,000104050;0,000101870;4;-1,251617265;-4,176233785;true
ADXBTC;Wed Mar 07 03:03:56 CET 2018;Wed Mar 07 06:57:49 CET 2018;0,000104050;0,000101870;4;-1,251617265;-4,176233785;true
ADXBTC;Wed Mar 07 03:04:18 CET 2018;Wed Mar 07 06:57:49 CET 2018;0,000104050;0,000101870;4;-1,251617265;-4,176233785;true
ADXBTC;Wed Mar 07 03:04:40 CET 2018;Wed Mar 07 06:57:50 CET 2018;0,000104070;0,000101870;4;-1,257136317;-4,194649038;true
ADXBTC;Wed Mar 07 03:05:03 CET 2018;Wed Mar 07 06:57:50 CET 2018;0,000104060;0,000101540;4;-1,347399100;-4,495826158;true
ADXBTC;Wed Mar 07 03:05:26 CET 2018;Wed Mar 07 06:57:50 CET 2018;0,000104060;0,000101540;4;-1,347399100;-4,495826158;true
ADXBTC;Wed Mar 07 03:05:49 CET 2018;Wed Mar 07 06:57:51 CET 2018;0,000104060;0,000101540;4;-1,347399100;-4,495826158;true
ADXBTC;Wed Mar 07 03:06:12 CET 2018;Wed Mar 07 06:57:51 CET 2018;0,000104060;0,000101540;4;-1,347399100;-4,495826158;true
ADXBTC;Wed Mar 07 03:06:35 CET 2018;Wed Mar 07 06:57:51 CET 2018;0,000104060;0,000101540;4;-1,347399100;-4,495826158;true
ADXBTC;Wed Mar 07 03:06:57 CET 2018;Wed Mar 07 06:57:52 CET 2018;0,000104070;0,000101540;4;-1,350149422;-4,505003075;true
ADXBTC;Wed Mar 07 03:07:19 CET 2018;Wed Mar 07 06:57:52 CET 2018;0,000104070;0,000101540;4;-1,350149422;-4,505003075;true
ADXBTC;Wed Mar 07 03:07:41 CET 2018;Wed Mar 07 06:57:52 CET 2018;0,000104070;0,000101540;4;-1,350149422;-4,505003075;true
ADXBTC;Wed Mar 07 03:08:03 CET 2018;Wed Mar 07 06:57:53 CET 2018;0,000104070;0,000101540;4;-1,350149422;-4,505003075;true
ADXBTC;Wed Mar 07 03:08:25 CET 2018;Wed Mar 07 06:57:53 CET 2018;0,000104070;0,000101540;4;-1,350149422;-4,505003075;true
ADXBTC;Wed Mar 07 03:08:46 CET 2018;Wed Mar 07 06:57:53 CET 2018;0,000104070;0,000101540;4;-1,350149422;-4,505003075;true
ADXBTC;Wed Mar 07 03:09:08 CET 2018;Wed Mar 07 06:57:54 CET 2018;0,000104070;0,000101540;4;-1,350149422;-4,505003075;true
ADXBTC;Wed Mar 07 03:09:30 CET 2018;Wed Mar 07 06:57:54 CET 2018;0,000104070;0,000101540;4;-1,350149422;-4,505003075;true
ADXBTC;Wed Mar 07 03:09:52 CET 2018;Wed Mar 07 06:57:54 CET 2018;0,000104060;0,000101540;4;-1,347399100;-4,495826158;true
ADXBTC;Wed Mar 07 03:10:15 CET 2018;Wed Mar 07 06:57:55 CET 2018;0,000104060;0,000101540;4;-1,347399100;-4,495826158;true
CTRBTC;Wed Mar 07 03:31:38 CET 2018;Wed Mar 07 06:57:55 CET 2018;0,000056700;0,000053920;4;-1,968294573;-6,567549459;true
CTRBTC;Wed Mar 07 03:32:00 CET 2018;Wed Mar 07 06:57:55 CET 2018;0,000056700;0,000053920;4;-1,968294573;-6,567549459;true
CTRBTC;Wed Mar 07 03:32:22 CET 2018;Wed Mar 07 06:57:56 CET 2018;0,000056700;0,000053920;4;-1,968294573;-6,567549459;true
CTRBTC;Wed Mar 07 03:37:20 CET 2018;Wed Mar 07 06:57:56 CET 2018;0,000056580;0,000053920;4;-1,908906014;-6,369389437;true
CTRBTC;Wed Mar 07 03:37:42 CET 2018;Wed Mar 07 06:57:57 CET 2018;0,000056580;0,000053920;4;-1,908906014;-6,369389437;true
CTRBTC;Wed Mar 07 03:38:03 CET 2018;Wed Mar 07 06:57:57 CET 2018;0,000056580;0,000053920;4;-1,908906014;-6,369389437;true
CTRBTC;Wed Mar 07 03:38:25 CET 2018;Wed Mar 07 06:57:58 CET 2018;0,000056580;0,000053920;4;-1,908906014;-6,369389437;true
CTRBTC;Wed Mar 07 03:38:46 CET 2018;Wed Mar 07 06:57:58 CET 2018;0,000056580;0,000053920;4;-1,908906014;-6,369389437;true
CTRBTC;Wed Mar 07 03:39:08 CET 2018;Wed Mar 07 06:57:58 CET 2018;0,000056580;0,000053920;4;-1,908906014;-6,369389437;true
CTRBTC;Wed Mar 07 03:39:29 CET 2018;Wed Mar 07 06:57:59 CET 2018;0,000056580;0,000053920;4;-1,908906014;-6,369389437;true
CTRBTC;Wed Mar 07 03:39:50 CET 2018;Wed Mar 07 06:57:59 CET 2018;0,000056580;0,000053920;4;-1,908906014;-6,369389437;true
CTRBTC;Wed Mar 07 03:40:12 CET 2018;Wed Mar 07 06:57:59 CET 2018;0,000056580;0,000053920;4;-1,908906014;-6,369389437;true
CTRBTC;Wed Mar 07 03:40:33 CET 2018;Wed Mar 07 06:58:00 CET 2018;0,000056580;0,000053920;4;-1,908906014;-6,369389437;true
CTRBTC;Wed Mar 07 03:40:55 CET 2018;Wed Mar 07 06:58:00 CET 2018;0,000056580;0,000053920;4;-1,908906014;-6,369389437;true
CTRBTC;Wed Mar 07 03:41:16 CET 2018;Wed Mar 07 06:58:00 CET 2018;0,000056580;0,000053920;4;-1,908906014;-6,369389437;true
BCPTBTC;Wed Mar 07 04:00:21 CET 2018;Wed Mar 07 04:49:27 CET 2018;0,000087810;0,000085050;4;-1,269197920;-4,234894629;true
BCPTBTC;Wed Mar 07 04:01:25 CET 2018;Wed Mar 07 04:49:28 CET 2018;0,000087810;0,000085100;4;-1,252325021;-4,178595331;true
EOSBTC;Wed Mar 07 04:06:59 CET 2018;Wed Mar 07 07:18:06 CET 2018;0,000671330;0,000656000;4;-1,364305884;-4,552238518;true
EOSBTC;Wed Mar 07 04:11:57 CET 2018;Wed Mar 07 07:18:11 CET 2018;0,000671080;0,000655980;4;-1,354521745;-4,519592075;true
SALTBTC;Wed Mar 07 04:33:04 CET 2018;Wed Mar 07 06:05:01 CET 2018;0,000361000;0,000359000;2;0,060398836;0,201530983;true
SALTBTC;Wed Mar 07 04:33:25 CET 2018;Wed Mar 07 06:05:02 CET 2018;0,000361000;0,000359000;2;0,060398836;0,201530983;true
SALTBTC;Wed Mar 07 04:33:46 CET 2018;Wed Mar 07 06:05:02 CET 2018;0,000361000;0,000359000;2;0,060398836;0,201530983;true
SALTBTC;Wed Mar 07 04:34:06 CET 2018;Wed Mar 07 06:05:03 CET 2018;0,000361000;0,000359000;2;0,060398836;0,201530983;true
SALTBTC;Wed Mar 07 04:41:30 CET 2018;Wed Mar 07 06:05:04 CET 2018;0,000362000;0,000359000;2;-0,022558067;-0,075268827;true
SALTBTC;Wed Mar 07 04:44:20 CET 2018;Wed Mar 07 06:05:04 CET 2018;0,000362000;0,000359000;2;-0,022558067;-0,075268827;true
SALTBTC;Wed Mar 07 04:44:41 CET 2018;Wed Mar 07 06:05:05 CET 2018;0,000362000;0,000359000;2;-0,022558067;-0,075268827;true
SALTBTC;Wed Mar 07 04:45:02 CET 2018;Wed Mar 07 06:05:05 CET 2018;0,000361000;0,000359000;2;0,060398836;0,201530983;true
SALTBTC;Wed Mar 07 04:45:23 CET 2018;Wed Mar 07 06:05:06 CET 2018;0,000363000;0,000359000;2;-0,105057907;-0,350543568;true
SALTBTC;Wed Mar 07 04:45:44 CET 2018;Wed Mar 07 06:05:07 CET 2018;0,000363000;0,000359000;2;-0,105057907;-0,350543568;true
SALTBTC;Wed Mar 07 04:46:05 CET 2018;Wed Mar 07 06:05:07 CET 2018;0,000363000;0,000359000;2;-0,105057907;-0,350543568;true
SALTBTC;Wed Mar 07 04:46:26 CET 2018;Wed Mar 07 06:05:08 CET 2018;0,000363000;0,000359000;2;-0,105057907;-0,350543568;true
SALTBTC;Wed Mar 07 04:46:47 CET 2018;Wed Mar 07 06:05:09 CET 2018;0,000362000;0,000359000;2;-0,022558067;-0,075268827;true
SALTBTC;Wed Mar 07 04:47:08 CET 2018;Wed Mar 07 06:05:09 CET 2018;0,000362000;0,000359000;2;-0,022558067;-0,075268827;true
BTSBTC;Wed Mar 07 05:27:37 CET 2018;Wed Mar 07 07:40:40 CET 2018;0,000018120;0,000017600;4;-1,374180760;-4,585187720;true
BTSBTC;Wed Mar 07 05:27:57 CET 2018;Wed Mar 07 07:40:41 CET 2018;0,000018120;0,000017600;4;-1,374180760;-4,585187720;true
ELFBTC;Wed Mar 07 05:49:10 CET 2018;Wed Mar 07 06:05:35 CET 2018;0,000102900;0,000101050;2;-0,497151481;-1,658830434;true
OAXBTC;Wed Mar 07 06:00:33 CET 2018;Wed Mar 07 08:03:14 CET 2018;0,000077530;0,000075750;2;-1,450031628;-4,838277038;true
OAXBTC;Wed Mar 07 06:00:54 CET 2018;Wed Mar 07 08:03:15 CET 2018;0,000077530;0,000075750;2;-1,450031628;-4,838277038;true
OAXBTC;Wed Mar 07 06:01:17 CET 2018;Wed Mar 07 08:03:16 CET 2018;0,000077530;0,000075750;2;-1,450031628;-4,838277038;true
OAXBTC;Wed Mar 07 06:01:38 CET 2018;Wed Mar 07 08:03:16 CET 2018;0,000077530;0,000075750;2;-1,450031628;-4,838277038;true
OAXBTC;Wed Mar 07 06:01:59 CET 2018;Wed Mar 07 08:03:17 CET 2018;0,000077530;0,000075750;2;-1,450031628;-4,838277038;true
OAXBTC;Wed Mar 07 06:02:19 CET 2018;Wed Mar 07 08:03:18 CET 2018;0,000077530;0,000075750;2;-1,450031628;-4,838277038;true
OAXBTC;Wed Mar 07 06:02:40 CET 2018;Wed Mar 07 08:03:19 CET 2018;0,000077530;0,000075750;2;-1,450031628;-4,838277038;true
OAXBTC;Wed Mar 07 06:03:00 CET 2018;Wed Mar 07 08:03:19 CET 2018;0,000077530;0,000075750;2;-1,450031628;-4,838277038;true
OAXBTC;Wed Mar 07 06:03:21 CET 2018;Wed Mar 07 08:03:20 CET 2018;0,000077530;0,000075750;2;-1,450031628;-4,838277038;true
OAXBTC;Wed Mar 07 06:03:44 CET 2018;Wed Mar 07 08:03:21 CET 2018;0,000077530;0,000075750;2;-1,450031628;-4,838277038;true
OAXBTC;Wed Mar 07 06:04:04 CET 2018;Wed Mar 07 08:03:21 CET 2018;0,000077530;0,000075750;2;-1,450031628;-4,838277038;true
OAXBTC;Wed Mar 07 06:04:24 CET 2018;Wed Mar 07 08:03:22 CET 2018;0,000077530;0,000075750;2;-1,450031628;-4,838277038;true
VIABTC;Wed Mar 07 06:04:38 CET 2018;Wed Mar 07 08:03:22 CET 2018;0,000231800;0,000228100;1;-1,245793516;-4,156801854;true
OAXBTC;Wed Mar 07 06:04:45 CET 2018;Wed Mar 07 08:03:23 CET 2018;0,000077550;0,000075750;2;-1,457386875;-4,862819068;true
VIABTC;Wed Mar 07 06:04:59 CET 2018;Wed Mar 07 08:03:24 CET 2018;0,000231800;0,000228100;1;-1,245793516;-4,156801854;true
OAXBTC;Wed Mar 07 06:05:06 CET 2018;Wed Mar 07 08:03:24 CET 2018;0,000077570;0,000075750;2;-1,464738328;-4,887348443;true
VIABTC;Wed Mar 07 06:05:19 CET 2018;Wed Mar 07 08:03:25 CET 2018;0,000231800;0,000228100;1;-1,245793516;-4,156801854;true
OAXBTC;Wed Mar 07 06:05:29 CET 2018;Wed Mar 07 08:03:26 CET 2018;0,000077660;0,000075750;2;-1,497773012;-4,997574282;true
VIABTC;Wed Mar 07 06:05:42 CET 2018;Wed Mar 07 08:03:26 CET 2018;0,000231800;0,000228100;1;-1,245793516;-4,156801854;true
OAXBTC;Wed Mar 07 06:05:50 CET 2018;Wed Mar 07 08:03:27 CET 2018;0,000077660;0,000075750;2;-1,497773012;-4,997574282;true
VIABTC;Wed Mar 07 06:06:03 CET 2018;Wed Mar 07 08:03:27 CET 2018;0,000231800;0,000228100;1;-1,245793516;-4,156801854;true
OAXBTC;Wed Mar 07 06:06:10 CET 2018;Wed Mar 07 08:03:28 CET 2018;0,000077660;0,000075750;2;-1,497773012;-4,997574282;true
VIABTC;Wed Mar 07 06:06:23 CET 2018;Wed Mar 07 08:03:29 CET 2018;0,000231800;0,000228100;1;-1,245793516;-4,156801854;true
OAXBTC;Wed Mar 07 06:06:30 CET 2018;Wed Mar 07 08:03:30 CET 2018;0,000077660;0,000075750;2;-1,497773012;-4,997574282;true
VIABTC;Wed Mar 07 06:06:43 CET 2018;Wed Mar 07 08:03:30 CET 2018;0,000231800;0,000228100;1;-1,245793516;-4,156801854;true
OAXBTC;Wed Mar 07 06:06:50 CET 2018;Wed Mar 07 08:03:31 CET 2018;0,000077660;0,000075750;2;-1,497773012;-4,997574282;true
VIABTC;Wed Mar 07 06:07:03 CET 2018;Wed Mar 07 08:03:31 CET 2018;0,000231800;0,000228100;1;-1,245793516;-4,156801854;true
OAXBTC;Wed Mar 07 06:07:10 CET 2018;Wed Mar 07 08:03:32 CET 2018;0,000077660;0,000075750;2;-1,497773012;-4,997574282;true
VIABTC;Wed Mar 07 06:07:23 CET 2018;Wed Mar 07 08:03:33 CET 2018;0,000231800;0,000228100;1;-1,245793516;-4,156801854;true
OAXBTC;Wed Mar 07 06:07:30 CET 2018;Wed Mar 07 08:03:33 CET 2018;0,000077660;0,000075760;2;-1,494014302;-4,985032708;true
VIABTC;Wed Mar 07 06:07:43 CET 2018;Wed Mar 07 08:03:34 CET 2018;0,000231800;0,000228100;1;-1,245793516;-4,156801854;true
OAXBTC;Wed Mar 07 06:07:50 CET 2018;Wed Mar 07 08:03:34 CET 2018;0,000077660;0,000075760;2;-1,494014302;-4,985032708;true
OAXBTC;Wed Mar 07 06:08:09 CET 2018;Wed Mar 07 08:03:35 CET 2018;0,000077660;0,000075760;2;-1,494014302;-4,985032708;true
OAXBTC;Wed Mar 07 06:08:29 CET 2018;Wed Mar 07 08:03:36 CET 2018;0,000077660;0,000075760;2;-1,494014302;-4,985032708;true
OAXBTC;Wed Mar 07 06:08:49 CET 2018;Wed Mar 07 08:03:36 CET 2018;0,000077660;0,000075760;2;-1,494014302;-4,985032708;true
OAXBTC;Wed Mar 07 06:09:10 CET 2018;Wed Mar 07 08:03:37 CET 2018;0,000077660;0,000075760;2;-1,494014302;-4,985032708;true
OAXBTC;Wed Mar 07 06:09:30 CET 2018;Wed Mar 07 08:03:38 CET 2018;0,000077660;0,000075760;2;-1,494014302;-4,985032708;true
OAXBTC;Wed Mar 07 06:09:50 CET 2018;Wed Mar 07 08:03:38 CET 2018;0,000077660;0,000075760;2;-1,494014302;-4,985032708;true
OAXBTC;Wed Mar 07 06:10:09 CET 2018;Wed Mar 07 08:03:39 CET 2018;0,000077660;0,000075760;2;-1,494014302;-4,985032708;true
OAXBTC;Wed Mar 07 06:10:30 CET 2018;Wed Mar 07 08:03:40 CET 2018;0,000077660;0,000075760;2;-1,494014302;-4,985032708;true
OAXBTC;Wed Mar 07 06:10:50 CET 2018;Wed Mar 07 08:03:41 CET 2018;0,000077620;0,000075760;2;-1,479339741;-4,936068540;true
OAXBTC;Wed Mar 07 06:11:11 CET 2018;Wed Mar 07 08:03:42 CET 2018;0,000077620;0,000075760;2;-1,479339741;-4,936068540;true
OAXBTC;Wed Mar 07 06:11:31 CET 2018;Wed Mar 07 08:03:43 CET 2018;0,000077620;0,000075760;2;-1,479339741;-4,936068540;true
OAXBTC;Wed Mar 07 06:11:51 CET 2018;Wed Mar 07 08:03:44 CET 2018;0,000077620;0,000075760;2;-1,479339741;-4,936068540;true
OAXBTC;Wed Mar 07 06:12:12 CET 2018;Wed Mar 07 08:03:46 CET 2018;0,000077620;0,000075760;2;-1,479339741;-4,936068540;true
OAXBTC;Wed Mar 07 06:12:32 CET 2018;Wed Mar 07 08:03:47 CET 2018;0,000077620;0,000075760;2;-1,479339741;-4,936068540;true
OAXBTC;Wed Mar 07 06:12:53 CET 2018;Wed Mar 07 08:03:48 CET 2018;0,000077620;0,000075760;2;-1,479339741;-4,936068540;true
OAXBTC;Wed Mar 07 06:13:13 CET 2018;Wed Mar 07 08:03:49 CET 2018;0,000077620;0,000075760;2;-1,479339741;-4,936068540;true
OAXBTC;Wed Mar 07 06:13:34 CET 2018;Wed Mar 07 08:03:51 CET 2018;0,000077620;0,000075760;2;-1,479339741;-4,936068540;true
OAXBTC;Wed Mar 07 06:13:54 CET 2018;Wed Mar 07 08:03:53 CET 2018;0,000077620;0,000075760;2;-1,479339741;-4,936068540;true
OAXBTC;Wed Mar 07 06:14:15 CET 2018;Wed Mar 07 08:03:55 CET 2018;0,000077620;0,000075760;2;-1,479339741;-4,936068540;true
OAXBTC;Wed Mar 07 06:14:35 CET 2018;Wed Mar 07 08:03:56 CET 2018;0,000077620;0,000075760;2;-1,479339741;-4,936068540;true
OAXBTC;Wed Mar 07 06:14:55 CET 2018;Wed Mar 07 08:03:57 CET 2018;0,000077620;0,000075760;2;-1,479339741;-4,936068540;true
OAXBTC;Wed Mar 07 06:15:16 CET 2018;Wed Mar 07 08:03:58 CET 2018;0,000077620;0,000075760;2;-1,479339741;-4,936068540;true
OAXBTC;Wed Mar 07 06:15:36 CET 2018;Wed Mar 07 08:04:00 CET 2018;0,000077620;0,000075760;2;-1,479339741;-4,936068540;true
OAXBTC;Wed Mar 07 06:15:57 CET 2018;Wed Mar 07 08:04:01 CET 2018;0,000077620;0,000075760;2;-1,479339741;-4,936068540;true
BCPTBTC;Wed Mar 07 06:39:35 CET 2018;Wed Mar 07 08:04:34 CET 2018;0,000089460;0,000086980;1;-1,424891113;-4,754391435;true
BCCBTC;Wed Mar 07 06:40:44 CET 2018;Wed Mar 07 08:04:35 CET 2018;0,111783000;0,110616000;2;-0,917508458;-3,061422950;true
BCCBTC;Wed Mar 07 06:41:03 CET 2018;Wed Mar 07 08:04:36 CET 2018;0,111633000;0,110616000;2;-0,878470954;-2,931167680;true
BCCBTC;Wed Mar 07 06:41:23 CET 2018;Wed Mar 07 08:04:37 CET 2018;0,111685000;0,110616000;2;-0,892015830;-2,976362462;true
BCCBTC;Wed Mar 07 06:41:43 CET 2018;Wed Mar 07 08:04:39 CET 2018;0,112050000;0,110616000;2;-0,986736617;-3,292414472;true
BCCBTC;Wed Mar 07 06:42:04 CET 2018;Wed Mar 07 08:04:41 CET 2018;0,112050000;0,110616000;2;-0,986736617;-3,292414472;true
BCCBTC;Wed Mar 07 06:42:24 CET 2018;Wed Mar 07 08:04:42 CET 2018;0,111819000;0,110617000;2;-0,926599317;-3,091756145;true
BCCBTC;Wed Mar 07 06:42:46 CET 2018;Wed Mar 07 08:04:43 CET 2018;0,112046000;0,110617000;2;-0,985439899;-3,288087753;true
BCCBTC;Wed Mar 07 06:43:06 CET 2018;Wed Mar 07 08:04:45 CET 2018;0,112000000;0,110617000;2;-0,973535527;-3,248366789;true
BCCBTC;Wed Mar 07 06:43:26 CET 2018;Wed Mar 07 08:04:46 CET 2018;0,112057000;0,110617000;2;-0,988285149;-3,297581412;true
BCCBTC;Wed Mar 07 06:43:46 CET 2018;Wed Mar 07 08:04:47 CET 2018;0,112026000;0,110617000;2;-0,980265286;-3,270821776;true
BCCBTC;Wed Mar 07 06:44:06 CET 2018;Wed Mar 07 08:04:48 CET 2018;0,111999000;0,110617000;2;-0,973276627;-3,247502927;true
BCCBTC;Wed Mar 07 06:44:26 CET 2018;Wed Mar 07 08:04:50 CET 2018;0,112002000;0,110617000;2;-0,974053311;-3,250094466;true
BCCBTC;Wed Mar 07 06:44:47 CET 2018;Wed Mar 07 08:04:52 CET 2018;0,112002000;0,110614000;2;-0,974839699;-3,252718382;true
BCCBTC;Wed Mar 07 06:45:09 CET 2018;Wed Mar 07 08:04:55 CET 2018;0,112002000;0,110614000;2;-0,974839699;-3,252718382;true
BCCBTC;Wed Mar 07 06:45:29 CET 2018;Wed Mar 07 08:04:57 CET 2018;0,112113000;0,110614000;2;-1,003547010;-3,348505206;true
BCCBTC;Wed Mar 07 06:45:50 CET 2018;Wed Mar 07 08:05:00 CET 2018;0,112344000;0,110614000;2;-1,063107384;-3,547238519;true
BCCBTC;Wed Mar 07 06:46:12 CET 2018;Wed Mar 07 08:05:02 CET 2018;0,112342000;0,110376000;2;-1,124790701;-3,753055392;true
BCCBTC;Wed Mar 07 06:46:33 CET 2018;Wed Mar 07 08:05:05 CET 2018;0,112270000;0,110376000;2;-1,106291947;-3,691331156;true
BCCBTC;Wed Mar 07 06:46:54 CET 2018;Wed Mar 07 08:05:07 CET 2018;0,112264000;0,110376000;2;-1,104749313;-3,686183895;true
BCCBTC;Wed Mar 07 06:47:15 CET 2018;Wed Mar 07 08:05:10 CET 2018;0,112264000;0,110376000;2;-1,104749313;-3,686183895;true
BCCBTC;Wed Mar 07 06:47:36 CET 2018;Wed Mar 07 08:05:12 CET 2018;0,112195000;0,110376000;2;-1,086997165;-3,626950834;true
BCCBTC;Wed Mar 07 06:47:57 CET 2018;Wed Mar 07 08:05:14 CET 2018;0,112264000;0,110376000;2;-1,104749313;-3,686183895;true
BCCBTC;Wed Mar 07 06:48:19 CET 2018;Wed Mar 07 08:05:16 CET 2018;0,112251000;0,110376000;2;-1,101406374;-3,675029611;true
BCCBTC;Wed Mar 07 06:48:41 CET 2018;Wed Mar 07 08:05:18 CET 2018;0,112251000;0,110376000;2;-1,101406374;-3,675029611;true
BCCBTC;Wed Mar 07 06:49:02 CET 2018;Wed Mar 07 08:05:20 CET 2018;0,112259000;0,110376000;2;-1,103463659;-3,681894092;true
BCCBTC;Wed Mar 07 06:49:22 CET 2018;Wed Mar 07 08:05:21 CET 2018;0,112253000;0,110376000;2;-1,101920723;-3,676745823;true
APPCBTC;Wed Mar 07 06:49:39 CET 2018;Wed Mar 07 08:05:22 CET 2018;0,000054500;0,000053230;1;-1,295149760;-4,321487355;true
BCCBTC;Wed Mar 07 06:49:43 CET 2018;Wed Mar 07 08:05:22 CET 2018;0,112251000;0,110376000;2;-1,101406374;-3,675029611;true
APPCBTC;Wed Mar 07 06:50:00 CET 2018;Wed Mar 07 08:05:23 CET 2018;0,000054500;0,000053230;1;-1,295149760;-4,321487355;true
BCCBTC;Wed Mar 07 06:50:04 CET 2018;Wed Mar 07 08:05:24 CET 2018;0,112264000;0,110376000;2;-1,104749313;-3,686183895;true
BCCBTC;Wed Mar 07 06:50:26 CET 2018;Wed Mar 07 08:05:25 CET 2018;0,112289000;0,110376000;2;-1,111175867;-3,707627184;true
BCCBTC;Wed Mar 07 06:50:47 CET 2018;Wed Mar 07 08:05:26 CET 2018;0,112271000;0,110376000;2;-1,106549037;-3,692188979;true
BCCBTC;Wed Mar 07 06:51:07 CET 2018;Wed Mar 07 08:05:27 CET 2018;0,112275000;0,110376000;2;-1,107577350;-3,695620119;true
BCCBTC;Wed Mar 07 06:51:28 CET 2018;Wed Mar 07 08:05:29 CET 2018;0,112264000;0,110376000;2;-1,104749313;-3,686183895;true
BCCBTC;Wed Mar 07 06:51:49 CET 2018;Wed Mar 07 08:05:30 CET 2018;0,112264000;0,110376000;2;-1,104749313;-3,686183895;true
BCCBTC;Wed Mar 07 06:52:10 CET 2018;Wed Mar 07 08:05:31 CET 2018;0,112264000;0,110376000;2;-1,104749313;-3,686183895;true
BCCBTC;Wed Mar 07 06:52:31 CET 2018;Wed Mar 07 08:05:32 CET 2018;0,112264000;0,110376000;2;-1,104749313;-3,686183895;true
BCCBTC;Wed Mar 07 06:52:51 CET 2018;Wed Mar 07 08:05:34 CET 2018;0,112334000;0,110379000;2;-1,121952391;-3,743584890;true
BCCBTC;Wed Mar 07 06:53:12 CET 2018;Wed Mar 07 08:05:35 CET 2018;0,112317000;0,110379000;2;-1,117586028;-3,729015777;true
BCCBTC;Wed Mar 07 06:53:33 CET 2018;Wed Mar 07 08:05:36 CET 2018;0,112311000;0,110379000;2;-1,116044643;-3,723872684;true
BCCBTC;Wed Mar 07 06:53:53 CET 2018;Wed Mar 07 08:05:37 CET 2018;0,112311000;0,110379000;2;-1,116044643;-3,723872684;true
BCCBTC;Wed Mar 07 06:54:14 CET 2018;Wed Mar 07 08:05:39 CET 2018;0,112252000;0,110379000;2;-1,100878915;-3,673269652;true
BCCBTC;Wed Mar 07 06:54:35 CET 2018;Wed Mar 07 08:05:41 CET 2018;0,112311000;0,110379000;2;-1,116044643;-3,723872684;true
BCCBTC;Wed Mar 07 06:54:55 CET 2018;Wed Mar 07 08:05:43 CET 2018;0,112397000;0,110379000;2;-1,138122102;-3,797537879;true
BCCBTC;Wed Mar 07 06:55:17 CET 2018;Wed Mar 07 08:05:45 CET 2018;0,112499000;0,110379000;2;-1,164263237;-3,884762220;true
BCCBTC;Wed Mar 07 06:55:37 CET 2018;Wed Mar 07 08:05:46 CET 2018;0,112518000;0,110379000;2;-1,169127428;-3,900992419;true
