<?xml version="1.0" encoding="UTF-8"?>
<Configuration status="INFO" monitorInterval="30">
    <Properties>
        <Property name="LOG_PATTERN">
            %d{yyyy-MM-dd HH:mm:ss,SSS} %-5p [%c{1}] - %m%n
        </Property>
    </Properties>
    <Appenders>
        <Console name="ConsoleAppender" target="SYSTEM_OUT" follow="true">
            <PatternLayout pattern="${LOG_PATTERN}"/>
        </Console>
        <!-- Rolling File Appender -->
        <RollingFile name="FileAppender" fileName="C:/APPS/JavaDev/kulicka.log"
                     filePattern="C:/APPS/JavaDev/kulicka-%d{yyyy-MM-dd}-%i.log">
            <PatternLayout>
                <Pattern>${LOG_PATTERN}</Pattern>
            </PatternLayout>
            <Policies>
                <SizeBasedTriggeringPolicy size="10MB" />
            </Policies>
            <DefaultRolloverStrategy max="10"/>
        </RollingFile>
    </Appenders>
    <Loggers>
        <Logger name="cz.kulicka" level="debug" additivity="false">
            <AppenderRef ref="ConsoleAppender" />
            <AppenderRef ref="FileAppender"/>
        </Logger>

        <Root level="info">
            <AppenderRef ref="ConsoleAppender" />
            <AppenderRef ref="FileAppender"/>
        </Root>
    </Loggers>
</Configuration>